model,local_hour,absolute_error
hour_of_week_average,0,0.09408983451536643
hour_of_week_average,1,0.09441489361702127
hour_of_week_average,2,0.08365839243498817
hour_of_week_average,3,0.06843971631205674
hour_of_week_average,4,0.011997635933806147
hour_of_week_average,5,0.39261229314420804
hour_of_week_average,6,0.49692671394799054
hour_of_week_average,7,1.0121749408983451
hour_of_week_average,8,1.1298167848699765
hour_of_week_average,9,1.3132387706855793
hour_of_week_average,10,1.0769799054373521
hour_of_week_average,11,1.047192671394799
hour_of_week_average,12,1.085224586288416
hour_of_week_average,13,1.3259456264775413
hour_of_week_average,14,1.3745862884160758
hour_of_week_average,15,1.3468380614657212
hour_of_week_average,16,0.7942375886524823
hour_of_week_average,17,1.1593971631205673
hour_of_week_average,18,0.7585697399527187
hour_of_week_average,19,0.774645390070922
hour_of_week_average,20,0.4949763593380615
hour_of_week_average,21,0.32216312056737595
hour_of_week_average,22,0.166903073286052
hour_of_week_average,23,0.07061628760088041
random_forest,0,0.026004230159278992
random_forest,1,0.09305260627022616
random_forest,2,0.09439725092519557
random_forest,3,0.06180955112156376
random_forest,4,0.02705444791750013
random_forest,5,0.11964604659290895
random_forest,6,0.3559396269398825
random_forest,7,0.6789279476655123
random_forest,8,0.9715005538007713
random_forest,9,1.014453682007046
random_forest,10,0.8404483377397146
random_forest,11,0.8252686871762085
random_forest,12,0.8788973809755215
random_forest,13,1.1177689226127518
random_forest,14,1.1568232809950942
random_forest,15,0.8432242766275946
random_forest,16,0.8128447863382106
random_forest,17,0.7220437138361516
random_forest,18,0.5722855424170111
random_forest,19,0.29221379371076917
random_forest,20,0.3712164937905464
random_forest,21,0.19411814046980128
random_forest,22,0.09719821670764237
random_forest,23,0.10255763267125859
same_hour_last_week,0,0.0
same_hour_last_week,1,0.12701612903225806
same_hour_last_week,2,0.1
same_hour_last_week,3,0.06666666666666667
same_hour_last_week,4,0.0
same_hour_last_week,5,0.0
same_hour_last_week,6,0.3
same_hour_last_week,7,0.7
same_hour_last_week,8,1.2333333333333334
same_hour_last_week,9,1.1
same_hour_last_week,10,1.3
same_hour_last_week,11,1.0
same_hour_last_week,12,0.9666666666666667
same_hour_last_week,13,1.5
same_hour_last_week,14,1.3666666666666667
same_hour_last_week,15,1.1333333333333333
same_hour_last_week,16,1.1
same_hour_last_week,17,0.9333333333333333
same_hour_last_week,18,0.4
same_hour_last_week,19,0.2
same_hour_last_week,20,0.3
same_hour_last_week,21,0.1
same_hour_last_week,22,0.0
same_hour_last_week,23,0.06896551724137931
xgboost,0,0.009097893722355366
xgboost,1,0.07151337618274885
xgboost,2,0.07049916024843697
xgboost,3,0.03788339288439602
xgboost,4,0.0023119312099879608
xgboost,5,0.17016374816497168
xgboost,6,0.34541497031847634
xgboost,7,0.777128936847051
xgboost,8,0.9911214292049408
xgboost,9,1.0309273143609365
xgboost,10,0.8547055224577585
xgboost,11,0.7957521776358286
xgboost,12,0.802604615688324
xgboost,13,1.1066469967365264
xgboost,14,1.135370953877767
xgboost,15,0.8658888598283132
xgboost,16,0.8137159387270609
xgboost,17,0.7800746858119965
xgboost,18,0.5420666813850403
xgboost,19,0.35479323665301005
xgboost,20,0.3363333200414976
xgboost,21,0.17518762201070787
xgboost,22,0.08826186632116635
xgboost,23,0.0755340766547055
