origin,timestamp,horizon,model,actual,prediction,local_hour,absolute_error
2023-10-31 06:00:00+00:00,2023-10-31 06:00:00+00:00,1,xgboost,0.0,0.013522118330001831,0,0.013522118330001831
2023-10-31 06:00:00+00:00,2023-10-31 07:00:00+00:00,2,xgboost,0.0,0.00043669043225236237,1,0.00043669043225236237
2023-10-31 06:00:00+00:00,2023-10-31 08:00:00+00:00,3,xgboost,0.0,0.00043669043225236237,2,0.00043669043225236237
2023-10-31 06:00:00+00:00,2023-10-31 09:00:00+00:00,4,xgboost,0.0,0.00043669043225236237,3,0.00043669043225236237
2023-10-31 06:00:00+00:00,2023-10-31 10:00:00+00:00,5,xgboost,0.0,0.00043669043225236237,4,0.00043669043225236237
2023-10-31 06:00:00+00:00,2023-10-31 11:00:00+00:00,6,xgboost,0.0,0.17043925821781158,5,0.17043925821781158
2023-10-31 06:00:00+00:00,2023-10-31 12:00:00+00:00,7,xgboost,1.0,0.25085195899009705,6,0.749148041009903
2023-10-31 06:00:00+00:00,2023-10-31 13:00:00+00:00,8,xgboost,0.0,0.6375657916069031,7,0.6375657916069031
2023-10-31 06:00:00+00:00,2023-10-31 14:00:00+00:00,9,xgboost,1.0,0.8020238280296326,8,0.19797617197036743
2023-10-31 06:00:00+00:00,2023-10-31 15:00:00+00:00,10,xgboost,0.0,0.7603840231895447,9,0.7603840231895447
2023-10-31 06:00:00+00:00,2023-10-31 16:00:00+00:00,11,xgboost,3.0,0.7603840231895447,10,2.2396159768104553
2023-10-31 06:00:00+00:00,2023-10-31 17:00:00+00:00,12,xgboost,0.0,0.7762433290481567,11,0.7762433290481567
2023-10-31 06:00:00+00:00,2023-10-31 18:00:00+00:00,13,xgboost,4.0,0.8509345650672913,12,3.1490654349327087
2023-10-31 06:00:00+00:00,2023-10-31 19:00:00+00:00,14,xgboost,1.0,0.8509345650672913,13,0.14906543493270874
2023-10-31 06:00:00+00:00,2023-10-31 20:00:00+00:00,15,xgboost,0.0,0.7987738847732544,14,0.7987738847732544
2023-10-31 06:00:00+00:00,2023-10-31 21:00:00+00:00,16,xgboost,0.0,0.8313936591148376,15,0.8313936591148376
2023-10-31 06:00:00+00:00,2023-10-31 22:00:00+00:00,17,xgboost,2.0,0.7473165988922119,16,1.252683401107788
2023-10-31 06:00:00+00:00,2023-10-31 23:00:00+00:00,18,xgboost,2.0,0.7722322940826416,17,1.2277677059173584
2023-10-31 06:00:00+00:00,2023-11-01 00:00:00+00:00,19,xgboost,1.0,0.7708967924118042,18,0.2291032075881958
2023-10-31 06:00:00+00:00,2023-11-01 01:00:00+00:00,20,xgboost,0.0,0.31226491928100586,19,0.31226491928100586
2023-10-31 06:00:00+00:00,2023-11-01 02:00:00+00:00,21,xgboost,0.0,0.16702497005462646,20,0.16702497005462646
2023-10-31 06:00:00+00:00,2023-11-01 03:00:00+00:00,22,xgboost,0.0,0.15134605765342712,21,0.15134605765342712
2023-10-31 06:00:00+00:00,2023-11-01 04:00:00+00:00,23,xgboost,0.0,0.09422673285007477,22,0.09422673285007477
2023-10-31 06:00:00+00:00,2023-11-01 05:00:00+00:00,24,xgboost,0.0,0.06897374242544174,23,0.06897374242544174
